PLAYER,TEAM,POSITION,<6_FREQ,<6_DFGM,<6_DIFF%,6-9_FREQ,6-9_DFGM,6-9_DIFF%,10-15_FREQ,10-15_DFGM,10-15_DIFF%,16-3PT_FREQ,16-3PT_DFGM,16-3PT_DIFF%,3PT_FREQ,3PT_DFGM,3PT_DIFF%
LaMarcus Aldridge,SAS,C-F,37.9,2.8,-10.1,17.4,0.7000000000000002,-22.700000000000006,9.4,0.7,3.8,13.8,0.7999999999999998,3.70000000000001,21.2,1.1,1.9
Aaron Gordon,ORL,F,30.0,2.1,0.1,12.5,0.6000000000000001,-7.899999999999999,8.9,0.4,-4.9,12.5,0.5,-2.1000000000000085,35.199999999999996,1.4,0.5
Frank Ntilikina,NYK,G,30.3,1.5,5.9,16.9,0.3999999999999999,-17.39999999999999,5.6,0.2,7.8,12.7,0.29999999999999993,-4.999999999999993,35.4,0.9,0.9
